"","abrechnungsjahr","mean_spz_verberauch"
"1",2002,153.922
"2",2003,151.24
"3",2004,148.205
"4",2005,162.793225806452
"5",2006,145.340689655172
"6",2007,148.573272727273
"7",2008,140.164791666667
"8",2009,145.395576923077
"9",2010,142.793076923077
"10",2011,137.309705882353
"11",2012,141.392333333333
"12",2013,153.214444444444
"13",2014,98.14
"14",2015,117.061914893617
"15",2016,129.628928571429
"16",2017,125.949710144928
"17",2018,135.23625
