"","abrechnungsjahr","mean_spz_verberauch"
"1",2002,189.094705882353
"2",2003,190.707604166667
"3",2004,194.727210526316
"4",2005,179.112489451477
"5",2006,171.109672131148
"6",2007,169.521255813954
"7",2008,163.75119047619
"8",2009,166.558121212121
"9",2010,156.214868421053
"10",2011,158.534090909091
"11",2012,144.267196261682
"12",2013,152.076933333333
"13",2014,166.310158730159
"14",2015,137.117727272727
"15",2016,141.690615384615
"16",2017,137.197272727273
"17",2018,120.35
